forum,source,tier,enabled,added,note
wallstreetbets,reddit,core,yes,founding,original panel
investing,reddit,core,yes,founding,original panel
stocks,reddit,core,yes,founding,original panel
personalfinance,reddit,core,yes,founding,original panel
StockMarket,reddit,core,yes,founding,original panel
options,reddit,core,yes,founding,original panel
dividends,reddit,core,yes,founding,original panel
SecurityAnalysis,reddit,core,yes,founding,original panel
ValueInvesting,reddit,core,yes,founding,original panel
financialindependence,reddit,core,yes,founding,original panel
pennystocks,reddit,core,yes,founding,original panel
Daytrading,reddit,core,yes,founding,original panel
CryptoCurrency,reddit,core,yes,founding,original panel
Bitcoin,reddit,core,yes,founding,original panel
thetagang,reddit,core,yes,founding,original panel
finance,reddit,core,yes,founding,original panel
Bogleheads,reddit,core,yes,founding,original panel
