category,pattern,note
recruit,"(?:get|jump|hop)\s+in\s+(?:now\s+)?before\b","get in before X happens"
recruit,"before\s+(?:the\s+)?(?:institution|wall\s?street|hedge\s?fund|smart\s+money|normie|boomer|retail|everyone)\w*\s+(?:find|catch|notice|get|realiz|wake)","beat the other side in"
recruit,"(?:don'?t|do\s+not|dont)\s+(?:want\s+to\s+)?miss\s+(?:this|out|the\s+boat|the\s+train)","fear of missing out, addressed to others"
recruit,"last\s+chance\s+to\s+(?:buy|get|load|accumulate)","urgency framing"
recruit,"(?:you\W?re|we\W?re|ur|still)\s+(?:so\s+|very\s+)?early\b","you are early - the classic recruiting line"
recruit,"(?:spread|share)\s+the\s+word|tell\s+(?:your|ur)\s+(?:friends|family|buddies)","explicit recruitment"
recruit,"(?:get|buy)\s+in\s+(?:on\s+)?(?:the\s+)?ground\s+floor","ground floor framing"
recruit,"everyone\s+(?:needs?|should|has\s+to)\s+(?:to\s+)?(?:buy|own|be\s+in|get\s+in)","instructing the crowd"
recruit,"(?:back\s+up\s+the\s+truck|load(?:ing)?\s+the\s+boat|mortgage\s+the\s+house)","maximum-size exhortation"
recruit,"this\s+is\s+(?:your|the)\s+(?:last\s+|final\s+)?(?:warning|signal|chance|call)","prophetic urgency"
squeeze,"(?:short|gamma|beta|infinity|epic)\s+squeeze","the squeeze thesis by name"
squeeze,"\bmoass\b","mother of all short squeezes"
squeeze,"days?\s+to\s+cover","squeeze mechanics"
squeeze,"short\s+interest\s+(?:is\s+)?(?:at|of|over|above|around|near)?\s*\d","cited short interest"
squeeze,"(?:float|shares?)\s+(?:is|are|was|being)\s+(?:locked|lock(?:ed)?\s+up|almost\s+gone|drying\s+up)","float-lock claim"
squeeze,"shorts?\s+(?:are\s+)?(?:trapped|fucked|screwed|cooked|in\s+trouble|gonna\s+get|about\s+to\s+get)","shorts-are-doomed framing"
squeeze,"(?:squeeze|squoze)\s+(?:is\s+)?(?:coming|incoming|imminent|soon|today|tomorrow|any\s+day)","imminent-squeeze claim"
squeeze,"(?:failure[s]?\s+to\s+deliver|naked\s+short|synthetic\s+shares?)","squeeze-conspiracy vocabulary"
squeeze,"(?:gamma|delta)\s+ramp","options-driven squeeze mechanics"
hold_the_line,"diamond\s+hand|paper\s+hand","the hold/sell moral vocabulary"
hold_the_line,"hold\s+the\s+line","coordinated holding"
hold_the_line,"apes?\s+(?:together|strong|unite|hold)","ape solidarity"
hold_the_line,"\bhodl\b","hold on for dear life"
hold_the_line,"(?:never|not|ain'?t)\s+(?:gonna\s+|going\s+to\s+)?sell(?:ing)?\b","refusal to sell"
hold_the_line,"no\s+cell\s+no\s+sell","the GME chant"
hold_the_line,"hold(?:ing)?\s+(?:until|till|til)\s+(?:\$?\d|the\s+moon|zero)","price-pledge holding"
hold_the_line,"(?:direct\s+register|\bdrs(?:ed|ing)?\b|computershare)","removing shares from the float"
save_the_company,"(?:let'?s|lets|we\s+(?:should|need\s+to|have\s+to)|help)\s+save\s+(?:this|the|our|a)?\s*\w*\s*(?:company|stock|business|brand|chain|store)","let us save this company"
save_the_company,"save\s+(?:the\s+)?(?:company|brand|chain|stock)\b","save-the-company framing"
save_the_company,"(?:keep|keeping)\s+(?:them|it|this\s+company|the\s+company)\s+alive","keeping it alive"
save_the_company,"(?:support|back|prop\s+up)\s+(?:the\s+)?(?:company|brand|business)\s+(?:by\s+)?(?:buy|shop|eat|order)","buy-the-product activism"
save_the_company,"buy(?:ing)?\s+(?:their|its)\s+(?:products?|food|stuff|merch|burgers?)","consumption as support"
save_the_company,"(?:boycott|buycott)\b","organised consumer action"
save_the_company,"too\s+(?:iconic|american|big|beloved)\s+to\s+(?:die|fail|go\s+under)","sentimental rescue thesis"
save_the_company,"(?:can'?t|cannot|cant|won'?t)\s+let\s+(?:them|it|this)\s+(?:die|fail|go\s+under|go\s+bankrupt)","refusal to let it fail"
coordinate,"(?:everyone|we\s+all|lets|let'?s)\s+(?:all\s+)?buy\s+(?:at|on|this)\s+(?:\d|market\s+open|the\s+open|open|monday|tuesday|wednesday|thursday|friday)","a time or day to buy together"
coordinate,"buy\W+(?:\w+\W+){0,4}9\W?:?\W?30","the market-open coordination time"
coordinate,"(?:coordinated?|organi[sz]ed|synchroni[sz]ed)\s+(?:buy|buying|push|effort)","coordination named outright"
coordinate,"(?:if|when)\s+(?:we\s+)?(?:all|everyone)\s+(?:buy|bought|hold|holds)","collective-action conditional"
coordinate,"we\s+(?:just\s+)?need\s+(?:\d[\d,]*|a\s+few\s+(?:thousand|hundred)|enough)\s+(?:people|apes|of\s+us|retail)","headcount recruiting"
coordinate,"(?:pump|push|send|squeeze)\s+(?:it\s+|this\s+)?(?:to|past|above|through)\s+\$?\d","a target to push the price to"
coordinate,"mark\s+(?:your|ur)\s+calendars?","a scheduled event"
moonshot,"to\s+the\s+moon\b|\U0001F680","the canonical moon claim"
moonshot,"\b(?:10|20|50|100|1000)\s?x\b|\bmulti\s?bagger\b|\d{2,}\s?bagger","extreme multiple claims"
moonshot,"life\s+changing\s+money|generational\s+wealth|retire\s+(?:on|off)\s+(?:this|it)","life-changing-outcome framing"
moonshot,"next\s+(?:gme|amc|nvda|tesla|nvidia|bitcoin|palantir)\b","the next-lottery-ticket claim"
moonshot,"(?:going|gonna\s+go|headed)\s+to\s+\$\d{3,}","a very large price call"
moonshot,"(?:free\s+money|can'?t\s+lose|guaranteed\s+(?:money|gains?|win))","risk-denial language"
pump_callout,"pump\s+and\s+dump|\bp\s?&\s?d\b|\bpnd\b","the crowd naming it a pump"
pump_callout,"exit\s+liquidity|bag\s?holder|left\s+holding\s+the\s+bag","you are the exit"
pump_callout,"(?:this|it)\s+(?:is|smells\s+like|looks\s+like)\s+a\s+(?:pump|scam|rug)","direct accusation"
pump_callout,"(?:shill|shilling|astroturf|bot\s+account|paid\s+promot|sus\s+account)","accusation of manufactured hype"
pump_callout,"\brug\s?pull\b","the rug-pull call"
