symbol,reason
DD,"due diligence - the single most common WSB abbreviation"
YOLO,"the trade style, not a ticker"
USA,"the country"
CEO,"the job"
CFO,"the job"
IPO,"the event"
ATH,"all-time high"
ITM,"in the money"
OTM,"out of the money"
FOMO,"fear of missing out"
FUD,"fear, uncertainty, doubt"
ER,"earnings report"
EOD,"end of day"
IMO,"in my opinion"
IRL,"in real life"
AI,"the technology - the ai THEME catches these posts via keywords"
IT,"the pronoun"
OK,"the word"
ALL,"the word"
NEW,"the word"
NOW,"the word"
BIG,"the word"
LOL,"the word"
WSB,"the subreddit"
IV,"implied volatility"
EOY,"end of year"
ETF,"the instrument type"
ROI,"return on investment"
FBI,"the agency"
NYSE,"the exchange"
NASDAQ,"the exchange"
SEC,"the regulator"
EV,"electric vehicle - and also enterprise value; never the ticker"
USD,"the currency"
GDP,"the statistic"
CPI,"the statistic"
HYSA,"high-yield savings account. Added 2026-08-04. The symbol belongs to the BondBloxx USD High Yield Bond Sector Rotation ETF (launched 2023) yet carries 792 mentions in 2019 and 1141 in 2020 - years before that fund existed - and was the #1 'ticker' in the whole store at 9190. A fund cannot be discussed before it is listed."
DYOR,"do your own research. Added 2026-08-04. 2471 mentions in 2021 alone, the peak meme year, with no corresponding instrument event."
DRAM,"the memory chip type. Added 2026-08-04. The symbol belongs to the Roundhill Memory ETF (launched 2025) but carries 116 mentions in 2018 and 56 in 2021. The 2026 spike is the memory-chip mania being discussed by name, not that fund being traded."
BTC,"bitcoin the asset. Added 2026-08-04. The symbol belongs to the Grayscale Bitcoin Mini Trust (launched July 2024) yet carries 137 mentions in 2017 and 638 in 2021. The crypto THEME catches these posts via its own keywords, which include bitcoin and BTC."
ETH,"ethereum the asset. Added 2026-08-04. Same test: 329 mentions in 2021, and the symbol belongs to a Grayscale staking ETF that did not then exist. Caught by the crypto theme keywords."
REIT,"the asset class. Added 2026-08-04. The symbol belongs to the ALPS Active REIT ETF (2021) but 2623 of its 3457 mentions - 76% - predate 2022."
NASA,"the space agency. Added 2026-08-04. The symbol belongs to the Tema Space Innovators ETF (2023) but 1038 of its mentions predate 2022. The space theme catches these posts via keywords."
DJIA,"the index. Added 2026-08-04. The symbol belongs to a Global X covered-call ETF; 73% of its mentions predate 2022 and refer to the Dow itself."
HVAC,"the equipment category. Added 2026-08-04. The symbol belongs to an AdvisorShares fund (2023); 663 mentions predate 2022."
EBIT,"the accounting measure. Added 2026-08-04. 59% of mentions predate the fund that now holds the symbol."
ROPE,"WSB slang, and grim slang at that. Added 2026-08-04. The symbol belongs to a 2020s ETF; 93% of its mentions predate 2022."
ES,"The E-mini S&P 500 FUTURES contract, not Eversource Energy. Every one of six sampled bare-CAPS hits in 176k comments was the future - ""shorted 3 ES"", ""ES futures"", ""ES/SPY still not hit yesterdays low"". 56 CAPS vs 16 lowercase would have passed a pure ratio test, which is why the samples get read as well as counted. Stoplisted so it can never be allowlisted later and poison utilities_power."
